{
  "candidates": [
    {
      "id": 1,
      "name": "Natasha Crooks",
      "experience_years": 14,
      "skills": [
        "Conflict Resolution",
        "Data Analysis",
        "Lean Manufacturing",
        "Team Leadership"
      ],
      "bio": "net advocate  😑",
      "avatar": "https://cloudflare-ipfs.com/ipfs/Qmd3W5DuhgHirLHGVixi6V76LhCkZUz6pnFt5AJBiyvHye/avatar/195.jpg"
    },
    {
      "id": 2,
      "name": "Alexis Hackett",
      "experience_years": 6,
      "skills": [
        "Lean Manufacturing",
        "Conflict Resolution",
        "Waste Management"
      ],
      "bio": "gamer",
      "avatar": "https://cloudflare-ipfs.com/ipfs/Qmd3W5DuhgHirLHGVixi6V76LhCkZUz6pnFt5AJBiyvHye/avatar/904.jpg"
    },
    {
      "id": 3,
      "name": "Rodney Fritsch",
      "experience_years": 13,
      "skills": [
        "Data Analysis",
        "Lean Manufacturing",
        "Supply Chain Optimization",
        "Equipment Maintenance"
      ],
      "bio": "uniform junkie",
      "avatar": "https://cloudflare-ipfs.com/ipfs/Qmd3W5DuhgHirLHGVixi6V76LhCkZUz6pnFt5AJBiyvHye/avatar/761.jpg"
    },
    {
      "id": 4,
      "name": "Marta Christiansen-Adams",
      "experience_years": 3,
      "skills": [
        "OSHA Safety",
        "Sustainability Reporting",
        "Supply Chain Optimization",
        "Conflict Resolution",
        "Data Analysis",
        "Six Sigma"
      ],
      "bio": "freezer junkie, dreamer ↖️",
      "avatar": "https://avatars.githubusercontent.com/u/63714357"
    },
    {
      "id": 5,
      "name": "Orville Johns",
      "experience_years": 5,
      "skills": [
        "OSHA Safety",
        "Supply Chain Optimization",
        "Equipment Maintenance"
      ],
      "bio": "student",
      "avatar": "https://cloudflare-ipfs.com/ipfs/Qmd3W5DuhgHirLHGVixi6V76LhCkZUz6pnFt5AJBiyvHye/avatar/1021.jpg"
    },
    {
      "id": 6,
      "name": "Thelma Ortiz",
      "experience_years": 12,
      "skills": [
        "Supply Chain Optimization",
        "Sustainability Reporting",
        "Conflict Resolution",
        "Lean Manufacturing",
        "Team Leadership",
        "Six Sigma"
      ],
      "bio": "tiger lover",
      "avatar": "https://avatars.githubusercontent.com/u/73637390"
    },
    {
      "id": 7,
      "name": "Malcolm Carter",
      "experience_years": 6,
      "skills": [
        "Data Analysis",
        "Six Sigma",
        "Sustainability Reporting",
        "OSHA Safety"
      ],
      "bio": "reputation advocate, entrepreneur 🌗",
      "avatar": "https://avatars.githubusercontent.com/u/36724423"
    },
    {
      "id": 8,
      "name": "Wilfred Brekke",
      "experience_years": 12,
      "skills": [
        "OSHA Safety",
        "Equipment Maintenance",
        "Supply Chain Optimization",
        "Conflict Resolution",
        "Six Sigma"
      ],
      "bio": "friend, filmmaker",
      "avatar": "https://avatars.githubusercontent.com/u/13791062"
    },
    {
      "id": 9,
      "name": "Leroy Connelly",
      "experience_years": 16,
      "skills": [
        "Data Analysis",
        "Sustainability Reporting",
        "Lean Manufacturing"
      ],
      "bio": "grief supporter, designer 💮",
      "avatar": "https://cloudflare-ipfs.com/ipfs/Qmd3W5DuhgHirLHGVixi6V76LhCkZUz6pnFt5AJBiyvHye/avatar/675.jpg"
    },
    {
      "id": 10,
      "name": "Grant Abernathy",
      "experience_years": 16,
      "skills": [
        "Sustainability Reporting",
        "Supply Chain Optimization",
        "Team Leadership",
        "OSHA Safety",
        "Equipment Maintenance",
        "Lean Manufacturing"
      ],
      "bio": "business owner",
      "avatar": "https://avatars.githubusercontent.com/u/51792021"
    }
  ],
  "evaluations": [
    {
      "candidate_id": 1,
      "crisis_score": 4,
      "sustainability_score": 3,
      "motivation_score": 49,
      "ai_feedback": "Natasha Crooks appears to be a seasoned production line manager with significant experience, but her scores suggest that she may have areas for improvement in leadership and sustainability-related aspects crucial for this Recycling Production Line Manager role.\n\nHowever, considering her overall 14 years of experience and relevant skills such as Conflict Resolution, Data Analysis, Lean Manufacturing, and Team Leadership, she might be suitable for this position with targeted training and development in the areas that require improvement."
    },
    {
      "candidate_id": 2,
      "crisis_score": 4,
      "sustainability_score": 9,
      "motivation_score": 60,
      "ai_feedback": "Alexis Hackett, with 6 years of experience and a strong foundation in Lean Manufacturing and Waste Management, appears to be a suitable candidate for the Recycling Production Line Manager role, but further development in crisis management skills and motivation is necessary to maximize their potential. \n\nBelow is a more detailed evaluation of the candidate based on the given information:\n\n**Strengths:**\n\n- 9/10 in Sustainability, demonstrating a strong understanding of environmentally responsible practices.\n- Experience in Lean Manufacturing, which can be beneficial in optimizing production processes and improving efficiency.\n- Skilled in Waste Management, crucial for a Recycling Production Line Manager.\n- 4 years of experience in the role may not be a lot, however, 6 years of experience in the industry shows a level of maturity and experience.\n\n**Weaknesses:**\n\n- A score of 4/10 in Crisis Management indicates a need for additional training and experience in handling unexpected situations.\n- A motivation score of 60/100 may indicate that Alexis struggles to stay motivated, which can negatively affect their performance in a management role.\n\n**Recommendations:**\n\n- Provide additional training on crisis management to help Alexis improve their skills in handling unexpected situations.\n- Offer support and resources to help Alexis improve their motivation and engagement in their role.\n- Consider onboarding Alexis under a more experienced Production Line Manager or providing mentorship to aid their growth in the role.\n\nOverall, with targeted support and development, Alexis Hackett has the potential to excel as a Recycling Production Line Manager."
    },
    {
      "candidate_id": 3,
      "crisis_score": 2,
      "sustainability_score": 3,
      "motivation_score": 47,
      "ai_feedback": "Based on Rodney Fritsch's provided experience and skills, I would say that he is a suitable candidate for the Recycling Production Line Manager role, as he has extensive experience and skills in areas like Lean Manufacturing, Supply Chain Optimization, and Equipment Maintenance, but requires further development in Crisis Management, Sustainability, and Motivation."
    },
    {
      "candidate_id": 4,
      "crisis_score": 3,
      "sustainability_score": 5,
      "motivation_score": 60,
      "ai_feedback": "Marta Christiansen-Adams appears to be a potentially suitable candidate for a Recycling Production Line Manager role due to her relevant skills and experience, although additional training or development to improve crisis management and leadership skills may be necessary."
    },
    {
      "candidate_id": 5,
      "crisis_score": 10,
      "sustainability_score": 5,
      "motivation_score": 44,
      "ai_feedback": "Orville Johns appears to be a suitable candidate for a Recycling Production Line Manager role, with exceptional crisis management skills and expertise in OSHA safety and supply chain optimization, albeit with room for improvement in sustainability and employee motivation.\n\nHere's a more detailed evaluation:\n\nStrengths:\n\n1. **Crisis Management**: Orville's high score in crisis management suggests he can effectively handle emergencies and unexpected events on the production line, minimizing downtime and ensuring smooth operations.\n2. **Safety Expertise**: His OSHA safety certification demonstrates his knowledge of workplace safety protocols, which is essential for a production line manager.\n3. **Supply Chain Optimization**: His skills in supply chain optimization can help reduce waste, improve production efficiency, and enhance the overall profitability of the recycling operation.\n\nWeaknesses:\n\n1. **Sustainability Knowledge**: Orville's relatively low score in sustainability indicates a need for training or further education on sustainable practices, such as reducing waste, conserving resources, and implementing environmentally friendly technologies.\n2. **Motivation and Employee Engagement**: His score in motivation is concerning, as a production line manager must inspire and lead a team to achieve production goals. He may need to work on building trust, recognizing individual contributions, and creating a positive work environment.\n\nRecommendations:\n\n1. Provide training or education on sustainable practices and environmental management systems to enhance Orville's sustainability knowledge.\n2. Develop a plan to improve his motivation and employee engagement skills through workshops, coaching, or mentoring.\n3. Monitor his performance closely to ensure his strengths are leveraged and his weaknesses addressed.\n\nOverall, Orville's exceptional crisis management and safety expertise make him a solid candidate for the Recycling Production Line Manager role, with potential for growth and development in sustainability and employee motivation."
    },
    {
      "candidate_id": 6,
      "crisis_score": 7,
      "sustainability_score": 5,
      "motivation_score": 68,
      "ai_feedback": "Thelma Ortiz is a seasoned recycling production line manager with strong skills in supply chain optimization, lean manufacturing, and team leadership, making her a suitable candidate for this role. \n\nTo evaluate the candidate more thoroughly:\n\n- **Strengths:**\n  - 12 years of experience as a recycling production line manager, which demonstrates her extensive knowledge and practical application of recycling production methods.\n  - Proficiency in Supply Chain Optimization, Lean Manufacturing, and Team Leadership can help optimize workflows, reduce waste, and improve team efficiency.\n  - Her Six Sigma certification indicates her ability to identify and address process inefficiencies.\n\n- **Weaknesses:**\n  - Crisis Management skills, though somewhat developed, need improvement, as evidenced by a lower score (7/10).\n  - Her score in Sustainability is lower than expected (5/10), suggesting she may require additional training or experience in this area.\n\n- **Average rating:** 6.7/10\n- **Recommendation:** Provide additional training and support to enhance her crisis management and sustainability skills to complement her existing expertise.\n- **Conclusion**: Thelma Ortiz, despite some areas for improvement, shows a lot of potential as a recycling production line manager with her extensive experience and diverse skill set."
    },
    {
      "candidate_id": 7,
      "crisis_score": 1,
      "sustainability_score": 7,
      "motivation_score": 75,
      "ai_feedback": "Malcolm Carter is a candidate with potential, but his limited crisis management skills raise concerns about his ability to effectively manage a Recycling Production Line, where emergency situations can arise.\n\nHere's a breakdown of his strengths and weaknesses:\n\nStrengths:\n\n- 6 years of experience in the recycling industry\n- Strong data analysis skills, which are essential for identifying areas of improvement\n- Knowledge of Six Sigma methodologies to optimize production processes\n- Familiarity with OSHA safety guidelines to ensure worker well-being\n- Good understanding of sustainability reporting, which is crucial for a recycling production line\n\nWeaknesses:\n\n- Low score in crisis management, which may hinder his ability to respond effectively in emergency situations\n- Moderate score in sustainability (7/10), which suggests room for improvement in this area\n- Slightly below-average score in motivation (75/100), which may indicate a need to boost his enthusiasm and engagement\n\nConsidering these factors, it's essential to assess whether Malcolm's strengths outweigh his weaknesses and if he can be further developed to excel in this role.\n\nRecommendations for further evaluation:\n\n- Schedule an interview with Malcolm to discuss his crisis management approach and experience\n- Review his sustainability reporting skills and provide guidance for improvement\n- Explore opportunities to boost his motivation and engagement, possibly through training or mentoring\n- Conduct a skills assessment to determine if additional training is necessary in areas like crisis management and sustainability"
    },
    {
      "candidate_id": 8,
      "crisis_score": 8,
      "sustainability_score": 1,
      "motivation_score": 99,
      "ai_feedback": "Wilfred Brekke is a highly experienced and skilled candidate with 99% motivation, a strong background in equipment maintenance and supply chain optimization, showing potential for the Recycling Production Line Manager role, but may require additional education or training to significantly enhance sustainability efforts."
    },
    {
      "candidate_id": 9,
      "crisis_score": 7,
      "sustainability_score": 10,
      "motivation_score": 75,
      "ai_feedback": "Leroy Connelly is a seasoned candidate with 16 years of experience, demonstrating strong skills in data analysis and sustainability, but requires further development in motivation and crisis management to excel as a Recycling Production Line Manager.\n\nKey strengths:\n- 16 years of experience in the field, suggesting expertise and depth of knowledge.\n- High score in sustainability (10/10), indicating a strong understanding of environmental responsibility.\n- Proficiency in data analysis, which is crucial for a production line manager.\n\nAreas for improvement:\n- Crisis management (7/10) is a concern, as it may indicate difficulties in high-pressure situations.\n- Lower motivation score (75/100) suggests that Leroy may need additional support to drive performance and maintain energy levels.\n\nRecommendation:\nLeroy Connelly is a viable candidate for the Recycling Production Line Manager role, but requires additional training or mentorship to enhance his crisis management skills and motivation. His extensive experience and strong sustainability background make him an attractive option, but careful consideration should be given to addressing these areas of improvement."
    },
    {
      "candidate_id": 10,
      "crisis_score": 5,
      "sustainability_score": 8,
      "motivation_score": 53,
      "ai_feedback": "Grant Abernathy, a 16-year industry veteran with strengths in leadership, sustainability, and supply chain optimization, is a suitable candidate for a Recycling Production Line Manager role, though areas such as crisis management and motivation may require additional development."
    }
  ],
  "rankings": [
    {
      "candidate_id": 9,
      "total_score": 81,
      "candidate_name": "Leroy Connelly",
      "rank": 1,
      "crisis_score": 7,
      "sustainability_score": 10,
      "motivation_score": 75,
      "ai_feedback": "Leroy Connelly is a seasoned candidate with 16 years of experience, demonstrating strong skills in data analysis and sustainability, but requires further development in motivation and crisis management to excel as a Recycling Production Line Manager.\n\nKey strengths:\n- 16 years of experience in the field, suggesting expertise and depth of knowledge.\n- High score in sustainability (10/10), indicating a strong understanding of environmental responsibility.\n- Proficiency in data analysis, which is crucial for a production line manager.\n\nAreas for improvement:\n- Crisis management (7/10) is a concern, as it may indicate difficulties in high-pressure situations.\n- Lower motivation score (75/100) suggests that Leroy may need additional support to drive performance and maintain energy levels.\n\nRecommendation:\nLeroy Connelly is a viable candidate for the Recycling Production Line Manager role, but requires additional training or mentorship to enhance his crisis management skills and motivation. His extensive experience and strong sustainability background make him an attractive option, but careful consideration should be given to addressing these areas of improvement."
    },
    {
      "candidate_id": 8,
      "total_score": 66.6,
      "candidate_name": "Wilfred Brekke",
      "rank": 2,
      "crisis_score": 8,
      "sustainability_score": 1,
      "motivation_score": 99,
      "ai_feedback": "Wilfred Brekke is a highly experienced and skilled candidate with 99% motivation, a strong background in equipment maintenance and supply chain optimization, showing potential for the Recycling Production Line Manager role, but may require additional education or training to significantly enhance sustainability efforts."
    },
    {
      "candidate_id": 6,
      "total_score": 63.2,
      "candidate_name": "Thelma Ortiz",
      "rank": 3,
      "crisis_score": 7,
      "sustainability_score": 5,
      "motivation_score": 68,
      "ai_feedback": "Thelma Ortiz is a seasoned recycling production line manager with strong skills in supply chain optimization, lean manufacturing, and team leadership, making her a suitable candidate for this role. \n\nTo evaluate the candidate more thoroughly:\n\n- **Strengths:**\n  - 12 years of experience as a recycling production line manager, which demonstrates her extensive knowledge and practical application of recycling production methods.\n  - Proficiency in Supply Chain Optimization, Lean Manufacturing, and Team Leadership can help optimize workflows, reduce waste, and improve team efficiency.\n  - Her Six Sigma certification indicates her ability to identify and address process inefficiencies.\n\n- **Weaknesses:**\n  - Crisis Management skills, though somewhat developed, need improvement, as evidenced by a lower score (7/10).\n  - Her score in Sustainability is lower than expected (5/10), suggesting she may require additional training or experience in this area.\n\n- **Average rating:** 6.7/10\n- **Recommendation:** Provide additional training and support to enhance her crisis management and sustainability skills to complement her existing expertise.\n- **Conclusion**: Thelma Ortiz, despite some areas for improvement, shows a lot of potential as a recycling production line manager with her extensive experience and diverse skill set."
    },
    {
      "candidate_id": 2,
      "total_score": 63,
      "candidate_name": "Alexis Hackett",
      "rank": 4,
      "crisis_score": 4,
      "sustainability_score": 9,
      "motivation_score": 60,
      "ai_feedback": "Alexis Hackett, with 6 years of experience and a strong foundation in Lean Manufacturing and Waste Management, appears to be a suitable candidate for the Recycling Production Line Manager role, but further development in crisis management skills and motivation is necessary to maximize their potential. \n\nBelow is a more detailed evaluation of the candidate based on the given information:\n\n**Strengths:**\n\n- 9/10 in Sustainability, demonstrating a strong understanding of environmentally responsible practices.\n- Experience in Lean Manufacturing, which can be beneficial in optimizing production processes and improving efficiency.\n- Skilled in Waste Management, crucial for a Recycling Production Line Manager.\n- 4 years of experience in the role may not be a lot, however, 6 years of experience in the industry shows a level of maturity and experience.\n\n**Weaknesses:**\n\n- A score of 4/10 in Crisis Management indicates a need for additional training and experience in handling unexpected situations.\n- A motivation score of 60/100 may indicate that Alexis struggles to stay motivated, which can negatively affect their performance in a management role.\n\n**Recommendations:**\n\n- Provide additional training on crisis management to help Alexis improve their skills in handling unexpected situations.\n- Offer support and resources to help Alexis improve their motivation and engagement in their role.\n- Consider onboarding Alexis under a more experienced Production Line Manager or providing mentorship to aid their growth in the role.\n\nOverall, with targeted support and development, Alexis Hackett has the potential to excel as a Recycling Production Line Manager."
    },
    {
      "candidate_id": 5,
      "total_score": 62.6,
      "candidate_name": "Orville Johns",
      "rank": 5,
      "crisis_score": 10,
      "sustainability_score": 5,
      "motivation_score": 44,
      "ai_feedback": "Orville Johns appears to be a suitable candidate for a Recycling Production Line Manager role, with exceptional crisis management skills and expertise in OSHA safety and supply chain optimization, albeit with room for improvement in sustainability and employee motivation.\n\nHere's a more detailed evaluation:\n\nStrengths:\n\n1. **Crisis Management**: Orville's high score in crisis management suggests he can effectively handle emergencies and unexpected events on the production line, minimizing downtime and ensuring smooth operations.\n2. **Safety Expertise**: His OSHA safety certification demonstrates his knowledge of workplace safety protocols, which is essential for a production line manager.\n3. **Supply Chain Optimization**: His skills in supply chain optimization can help reduce waste, improve production efficiency, and enhance the overall profitability of the recycling operation.\n\nWeaknesses:\n\n1. **Sustainability Knowledge**: Orville's relatively low score in sustainability indicates a need for training or further education on sustainable practices, such as reducing waste, conserving resources, and implementing environmentally friendly technologies.\n2. **Motivation and Employee Engagement**: His score in motivation is concerning, as a production line manager must inspire and lead a team to achieve production goals. He may need to work on building trust, recognizing individual contributions, and creating a positive work environment.\n\nRecommendations:\n\n1. Provide training or education on sustainable practices and environmental management systems to enhance Orville's sustainability knowledge.\n2. Develop a plan to improve his motivation and employee engagement skills through workshops, coaching, or mentoring.\n3. Monitor his performance closely to ensure his strengths are leveraged and his weaknesses addressed.\n\nOverall, Orville's exceptional crisis management and safety expertise make him a solid candidate for the Recycling Production Line Manager role, with potential for growth and development in sustainability and employee motivation."
    },
    {
      "candidate_id": 10,
      "total_score": 60.2,
      "candidate_name": "Grant Abernathy",
      "rank": 6,
      "crisis_score": 5,
      "sustainability_score": 8,
      "motivation_score": 53,
      "ai_feedback": "Grant Abernathy, a 16-year industry veteran with strengths in leadership, sustainability, and supply chain optimization, is a suitable candidate for a Recycling Production Line Manager role, though areas such as crisis management and motivation may require additional development."
    },
    {
      "candidate_id": 7,
      "total_score": 54,
      "candidate_name": "Malcolm Carter",
      "rank": 7,
      "crisis_score": 1,
      "sustainability_score": 7,
      "motivation_score": 75,
      "ai_feedback": "Malcolm Carter is a candidate with potential, but his limited crisis management skills raise concerns about his ability to effectively manage a Recycling Production Line, where emergency situations can arise.\n\nHere's a breakdown of his strengths and weaknesses:\n\nStrengths:\n\n- 6 years of experience in the recycling industry\n- Strong data analysis skills, which are essential for identifying areas of improvement\n- Knowledge of Six Sigma methodologies to optimize production processes\n- Familiarity with OSHA safety guidelines to ensure worker well-being\n- Good understanding of sustainability reporting, which is crucial for a recycling production line\n\nWeaknesses:\n\n- Low score in crisis management, which may hinder his ability to respond effectively in emergency situations\n- Moderate score in sustainability (7/10), which suggests room for improvement in this area\n- Slightly below-average score in motivation (75/100), which may indicate a need to boost his enthusiasm and engagement\n\nConsidering these factors, it's essential to assess whether Malcolm's strengths outweigh his weaknesses and if he can be further developed to excel in this role.\n\nRecommendations for further evaluation:\n\n- Schedule an interview with Malcolm to discuss his crisis management approach and experience\n- Review his sustainability reporting skills and provide guidance for improvement\n- Explore opportunities to boost his motivation and engagement, possibly through training or mentoring\n- Conduct a skills assessment to determine if additional training is necessary in areas like crisis management and sustainability"
    },
    {
      "candidate_id": 4,
      "total_score": 48,
      "candidate_name": "Marta Christiansen-Adams",
      "rank": 8,
      "crisis_score": 3,
      "sustainability_score": 5,
      "motivation_score": 60,
      "ai_feedback": "Marta Christiansen-Adams appears to be a potentially suitable candidate for a Recycling Production Line Manager role due to her relevant skills and experience, although additional training or development to improve crisis management and leadership skills may be necessary."
    },
    {
      "candidate_id": 1,
      "total_score": 40.6,
      "candidate_name": "Natasha Crooks",
      "rank": 9,
      "crisis_score": 4,
      "sustainability_score": 3,
      "motivation_score": 49,
      "ai_feedback": "Natasha Crooks appears to be a seasoned production line manager with significant experience, but her scores suggest that she may have areas for improvement in leadership and sustainability-related aspects crucial for this Recycling Production Line Manager role.\n\nHowever, considering her overall 14 years of experience and relevant skills such as Conflict Resolution, Data Analysis, Lean Manufacturing, and Team Leadership, she might be suitable for this position with targeted training and development in the areas that require improvement."
    },
    {
      "candidate_id": 3,
      "total_score": 33.8,
      "candidate_name": "Rodney Fritsch",
      "rank": 10,
      "crisis_score": 2,
      "sustainability_score": 3,
      "motivation_score": 47,
      "ai_feedback": "Based on Rodney Fritsch's provided experience and skills, I would say that he is a suitable candidate for the Recycling Production Line Manager role, as he has extensive experience and skills in areas like Lean Manufacturing, Supply Chain Optimization, and Equipment Maintenance, but requires further development in Crisis Management, Sustainability, and Motivation."
    }
  ]
}